{
    "Name": "Arcana Particle",
    "SpritesheetPath": "ParticleAnimations/arcana-particle",
    "RegionHeight": 16,
    "RegionWidth": 16,
    "Margin": 1,
    "Spacing": 2,
    "Animations":
    [
        {
            "Name": "Burst",
            "IsLooping": false,
            "IsPingPonging": false,
            "Frames":
            [
                {
                    "RegionIndex": 0,
                    "Duration": 0.05
                },
                {
                    "RegionIndex": 1,
                    "Duration": 0.05
                },
                {
                    "RegionIndex": 2,
                    "Duration": 0.05
                },
                {
                    "RegionIndex": 3,
                    "Duration": 0.05
                },
                {
                    "RegionIndex": 4,
                    "Duration": 0.05
                },
                {
                    "RegionIndex": 5,
                    "Duration": 0.05
                },
                {
                    "RegionIndex": 6,
                    "Duration": 0.05
                },
                {
                    "RegionIndex": 7,
                    "Duration": 0.05
                },
                {
                    "RegionIndex": 8,
                    "Duration": 0.05
                },
                {
                    "RegionIndex": 9,
                    "Duration": 0.05
                },
                {
                    "RegionIndex": 10,
                    "Duration": 0.0125
                },
                {
                    "RegionIndex": 11,
                    "Duration": 0.0125
                },
                {
                    "RegionIndex": 12,
                    "Duration": 0.0125
                },
                {
                    "RegionIndex": 13,
                    "Duration": 0.0125
                },
                {
                    "RegionIndex": 14,
                    "Duration": 0.0125
                },
                {
                    "RegionIndex": 15,
                    "Duration": 0.0125
                },
                {
                    "RegionIndex": 16,
                    "Duration": 0.0125
                },
                {
                    "RegionIndex": 17,
                    "Duration": 0.2
                },
                {
                    "RegionIndex": 18,
                    "Duration": 0.7
                }
            ]
        }
    ]
}