{
    "Name": "Fireball",
    "SpritesheetPath": "ProjectileAnimations/fireball",
    "RegionHeight": 16,
    "RegionWidth": 16,
    "Margin": 1,
    "Spacing": 2,
    "Animations":
    [
        {
            "Name": "Flying",
            "IsLooping": true,
            "IsPingPonging": false,
            "Frames":
            [
                {
                    "RegionIndex": 0,
                    "Duration": 0.1
                },
                {
                    "RegionIndex": 1,
                    "Duration": 0.1
                }
            ]
        },
        {
            "Name": "hit",
            "IsLooping": false,
            "IsPingPonging": false,
            "Frames":
            [
                {
                    "RegionIndex": 0,
                    "Duration": 0
                },
                {
                    "RegionIndex": 3,
                    "Duration": 0.1
                },
                {
                    "RegionIndex": 4,
                    "Duration": 0.1
                },
                {
                    "RegionIndex": 5,
                    "Duration": 0.1
                }
            ]
        }
    ]
}