{
    "Name": "Flaming Skull",
    "SpritesheetPath": "EntityAnimations/flaming-skull-spritesheet",
    "RegionHeight": 12,
    "RegionWidth": 12,
    "Margin": 1,
    "Spacing": 2,
    "Animations":
    [
        {
            "Name": "Moving",
            "IsLooping": true,
            "IsPingPonging": false,
            "Frames":
            [
                {
                    "RegionIndex": 0,
                    "Duration": 0.2
                },
                {
                    "RegionIndex": 1,
                    "Duration": 0.2
                }
            ]
        },
        {
            "Name": "OnAttack",
            "IsLooping": false,
            "IsPingPonging": false,
            "Frames":
            [
                {
                    "RegionIndex": 2,
                    "Duration": 0.2
                },
                {
                    "RegionIndex": 3,
                    "Duration": 0.2
                }
            ]
        },
        {
            "Name": "OnHit",
            "IsLooping": false,
            "IsPingPonging": false,
            "Frames":
            [
                {
                    "RegionIndex": 0,
                    "Duration": 0
                },
                {
                    "RegionIndex": 4,
                    "Duration": 0.2
                }
            ]
        },
        {
            "Name": "OnDeath",
            "IsLooping": false,
            "IsPingPonging": false,
            "Frames":
            [
                {
                    "RegionIndex": 0,
                    "Duration": 0
                },
                {
                    "RegionIndex": 5,
                    "Duration": 0.1
                },
                {
                    "RegionIndex": 6,
                    "Duration": 0.1
                },
                {
                    "RegionIndex": 7,
                    "Duration": 0.1
                }
            ]
        }
    ]
}