{
	"Name": "HP Bar Foreground",
	"SpritesheetPath": "Sliders/hp-bar-foreground",
	"RegionWidth": 64,
	"RegionHeight": 16,
	"Margin": 0,
	"Spacing": 0,
	"Animations":
	[
		{
			"Name": "Default",
			"IsLooping": true,
			"IsPingPonging": false,
			"Frames":
			[
				{
					"RegionIndex": 0,
					"Duration": 10
				},
				{
					"RegionIndex": 1,
					"Duration": 0.2
				},
				{
					"RegionIndex": 2,
					"Duration": 0.2
				},
				{
					"RegionIndex": 3,
					"Duration": 0.2
				},
				{
					"RegionIndex": 4,
					"Duration": 0.2
				},
				{
					"RegionIndex": 5,
					"Duration": 0.2
				},
				{
					"RegionIndex": 6,
					"Duration": 0.2
				},
				{
					"RegionIndex": 7,
					"Duration": 0.2
				}
			]
		}
	]
}