{
    "Name": "Lightning Bolt",
    "SpritesheetPath": "ProjectileAnimations/lightning-bolt",
    "RegionHeight": 10,
    "RegionWidth": 10,
    "Margin": 1,
    "Spacing": 2,
    "Animations":
    [
        {
            "Name": "Flying",
            "IsLooping": true,
            "IsPingPonging": false,
            "Frames":
            [
                {
                    "RegionIndex": 0,
                    "Duration": 0.1
                },
                {
                    "RegionIndex": 1,
                    "Duration": 0.1
                },
                {
                    "RegionIndex": 2,
                    "Duration": 0.1
                },
                {
                    "RegionIndex": 3,
                    "Duration": 0.1
                }
            ]
        },
        {
            "Name": "hit",
            "IsLooping": false,
            "IsPingPonging": false,
            "Frames":
            [
                {
                    "RegionIndex": 0,
                    "Duration": 0
                },
                {
                    "RegionIndex": 4,
                    "Duration": 0.1
                },
                {
                    "RegionIndex": 5,
                    "Duration": 0.1
                },
                {
                    "RegionIndex": 6,
                    "Duration": 0.1
                }
            ]
        }
    ]
}