{
    "Name": "Magic Blast",
    "SpritesheetPath": "Animations/magic-blast",
    "RegionHeight": 10,
    "RegionWidth": 14,
    "Margin": 1,
    "Spacing": 2,
    "Animations":
    [
        {
            "Name": "Flying",
            "IsLooping": true,
            "IsPingPonging": false,
            "Frames":
            [
                {
                    "RegionIndex": 0,
                    "Duration": 0.2
                },
                {
                    "RegionIndex": 1,
                    "Duration": 0.2
                },
                {
                    "RegionIndex": 0,
                    "Duration": 0.2
                },
                {
                    "RegionIndex": 1,
                    "Duration": 0.2
                }
            ]
        }
    ]
}