{
    "Name": "Player",
    "SpritesheetPath": "Animations/player-spritesheet",
    "RegionHeight": 16,
    "RegionWidth": 14,
    "Margin": 1,
    "Spacing": 2,
    "Animations": 
    [
        {
            "Name": "standby-front",
            "IsLooping": true,
            "IsPingPonging": false,
            "Frames":
            [
                {
                    "RegionIndex": 1,
                    "Duration": 0
                },
                {
                    "RegionIndex": 0,
                    "Duration": 10
                },
                {
                    "RegionIndex": 9,
                    "Duration": 0.4
                },
                {
                    "RegionIndex": 0,
                    "Duration": 0.2
                },
                {
                    "RegionIndex": 6,
                    "Duration": 0.4
                }
            ]
        },
        {
            "Name": "standby-back",
            "IsLooping": true,
            "IsPingPonging": false,
            "Frames":
            [
                {
                    "RegionIndex": 4,
                    "Duration": 0
                },
                {
                    "RegionIndex": 3,
                    "Duration": 10
                },
                {
                    "RegionIndex": 6,
                    "Duration": 0.4
                },
                {
                    "RegionIndex": 3,
                    "Duration": 0.2
                },
                {
                    "RegionIndex": 9,
                    "Duration": 0.4
                }
            ]
        },
        {
            "Name": "standby-left",
            "IsLooping": true,
            "IsPingPonging": false,
            "Frames":
            [
                {
                    "RegionIndex": 10,
                    "Duration": 0
                },
                {
                    "RegionIndex": 9,
                    "Duration": 10
                },
                {
                    "RegionIndex": 0,
                    "Duration": 0.4
                },
                {
                    "RegionIndex": 9,
                    "Duration": 0.2
                },
                {
                    "RegionIndex": 3,
                    "Duration": 0.4
                }
            ]
        },
        {
            "Name": "standby-right",
            "IsLooping": true,
            "IsPingPonging": false,
            "Frames":
            [
                {
                    "RegionIndex": 7,
                    "Duration": 0
                },
                {
                    "RegionIndex": 6,
                    "Duration": 10
                },
                {
                    "RegionIndex": 3,
                    "Duration": 0.4
                },
                {
                    "RegionIndex": 6,
                    "Duration": 0.2
                },
                {
                    "RegionIndex": 0,
                    "Duration": 0.4
                }
            ]
        },
        {
            "Name": "walk-front",
            "IsLooping": true,
            "IsPingPonging": false,
            "Frames":
            [
                {
                    "RegionIndex": 2,
                    "Duration": 0
                },
                {
                    "RegionIndex": 1,
                    "Duration": 0.5
                },
                {
                    "RegionIndex": 2,
                    "Duration": 0.5
                }
            ]
        },
        {
            "Name": "walk-back",
            "IsLooping": true,
            "IsPingPonging": false,
            "Frames":
            [
                {
                    "RegionIndex": 5,
                    "Duration": 0
                },
                {
                    "RegionIndex": 4,
                    "Duration": 0.5
                },
                {
                    "RegionIndex": 5,
                    "Duration": 0.5
                }
            ]
        },
        {
            "Name": "walk-left",
            "IsLooping": true,
            "IsPingPonging": false,
            "Frames":
            [
                {
                    "RegionIndex": 11,
                    "Duration": 0
                },
                {
                    "RegionIndex": 10,
                    "Duration": 0.5
                },
                {
                    "RegionIndex": 11,
                    "Duration": 0.5
                }
            ]
        },
        {
            "Name": "walk-right",
            "IsLooping": true,
            "IsPingPonging": false,
            "Frames":
            [
                {
                    "RegionIndex": 8,
                    "Duration": 0
                },
                {
                    "RegionIndex": 7,
                    "Duration": 0.5
                },
                {
                    "RegionIndex": 8,
                    "Duration": 0.5
                }
            ]
        }
    ]
}