{
    "Name": "Magic Blast",
    "IconPath": "Spells/magic-blast-icon",
    "Delay": 0.3,
    "ManaCost": 20,
    "ProjectileEffects": 
    [
        {
            "ProjectileName": "Magic Blast",
            "Delay": 0.0,
            "DegreeOffset": 0
        },
        {
            "ProjectileName": "Magic Blast",
            "Delay": 0.0,
            "DegreeOffset": 30
        },
        {
            "ProjectileName": "Magic Blast",
            "Delay": 0.0,
            "DegreeOffset": -30
        }
    ]
}